well,reservoir_power,h,proppant,up,down,Half-length,Height,Width,skin,Permeability,pressure,Trunk_tilt,concentration
1,7.6,3,60,2800,2812,121,41,4.8,-5.2,4.5,220,1,1200
2,,7,36,,,,,,,,,,
3,,7,52,,,,,,,,,,
4,,10,61,,,,,,,,,,
5,,8,88,2750,2758,129,24,7.8,-5.3,4,212,,
6,,8,52,,,,,,,,,,
7,,8,72,,,,,,,,,,
8,,19,40,,,,,,,,,,
9,,8,72,,,,,,,,,,
10,,8,58,,,,,,,,,,
11,,7,79,,,,,,,,,,
12,,14,21,,,,,,,,,,
13,,23,114,,,,,,,,,,
14,,14,73,2799,2807,50,70,6.7,-5.3,5.5,190,,
15,,14,77,,,,,,,,,,
16,,14,21,,,,,,,,,,
17,,2,37,2820,2826,65,27,3,-4.7,2,275,,
18,,4,86,,,,,,,,,,
19,,9,33,,,,,,,,,,
20,,19,23,,,,,,,,,,
21,,20,13,,,,,,,,,,
22,,2,59,,,,,,,,,,
23,,9,36,,,,,,,,,,
24,,27,13,,,,,,,,,,
25,,18,94,,,,,,,,,,
26,,6,74,,,,,,,,,,
27,,7,88,,,,,,,,,,
28,,12,16,,,,,,,,,,
29,21,7,15,2997,2997,52,28,2.9,3.7,2,210,90,1000
30,21,7,25,3112,3113,81,28,3.6,3.9,2,210,90,1000
31,21,7,25,3241,3242,95,23,3.4,4,2,210,90,1000
32,,4,56,2804,2812,76,27,3.8,-4.9,2.1,275,1,
33,14,7,48,2974,3127,87,26,4.9,-5.2,2,240,87,
34,,,13,,,,,,,,,,
35,41,7,10,2983,2984,38,25,2.1,3.7,2,270,88,800
36,41,7,85,3085,3086,66,57,2.5,3.7,2,270,91,800
37,15.3,8,120,3163,3176,191,44,4.2,4,2.5,316,4,1100
38,,4,21,,,,,,,,,,
39,,,6,,,,,,,,,,
40,,10,95,,,,,,,,,,
41,,66,50,3200,3215,,,,,2.3,280,87,900
42,29.3,25,23,3187,3194,,,,,1.5,280,12,1014
43,16.2,11,50,3511,3512,,,,,1.7,280,89,1000
44,16.2,11,50,3614,3614,,,,,1.7,280,89,900
45,16.2,11,50,3704,3705,,,,,1.7,280,91,1000
46,16.2,11,50,3828,3829,,,,,1.7,280,92,1000
47,16.2,11,50,3919,3920,,,,,1.7,280,90,900
48,,7,59,,,,,,,,,,
49,,7,51,,,,,,,,,,
50,8,6,109,3523,3529,155,31,6.5,-5.4,3.5,210,28,
51,,10,102,,,,,,,,,,
52,,4,57,,,,,,,,,,
53,,9,50,,,,,,,,,,
54,,8,13,,,,,,,,,,
55,29.1,4,50,2967,3726,79,65,3.4,-3.9,2.2,358,75,900
56,,4,50,2984,2999,,,,,2.2,345,84,900
57,,6,54,,,,,,,,,,
58,,6,56,,,,,,,,,,
59,,4,47,3284,3292,87,20,3.9,-4.7,,5,256,3.2
60,,4,29,,,,,,,,,,
61,10.1,7,20,3200,3200,90,31,2.8,3.5,2.5,180,91,900
62,10.1,7,40,3298,3298,130,43,3.1,3.6,2.5,180,90,900
63,10.1,7,40,3375,3376,137,40,3,3.6,2.5,180,90,900
64,,7,79,3005,3011,90,49,6.6,-5.9,3,205,10,
65,,5,46,,,,,,,,,,
66,,9,67,,,,,,,,,,
67,,6,78,3019,3552,124,89,3,-4.6,8,180,80,
68,,3,10,,,,,,,,,,
69,,7,53,,,,,,,,,,
70,7,2,54,3472,3480,56,79,3.3,-4.2,8,250,5,1170
71,17,10,50,2977,2988,49,25,4.4,-4.5,3,240,23,1200
72,,7,79,2911,2927,113,31,3.9,-5.1,6,230,6,
73,,7,74,3352,3362,76,55,6.1,-5.6,5,180,6,
74,,9,57,,,,,,,,,,
75,9.5,7,99,2874,2880,91,60,6.2,-5.7,5,220,1,
76,11.2,7,99,3028,3035,86,85,5.3,-4.9,4,200,,1200
77,4,3,64,3247,3253,66,88,2.9,-4.1,7.2,250,3,1274
78,,2,17,,,,,,,,,,
79,34.2,9,20,2958,2967,61,36,2.9,3.4,1.2,247,0,1100
80,,6,69,2946,2958,74,36,5.5,-4.8,4,260,,
81,,4,83,2984,3612,72,80,2,-4.8,9.5,253,80,
82,6.7,4,50,3397,3397,120,61,2.9,3.7,1,281,90,800
83,6.7,4,50,3551,3551,98,61,3.4,3.7,1,281,90,900
84,6.7,4,50,3661,3661,104,58,3.3,3.7,1,281,90,900
85,6.7,4,50,3773,3773,106,57,3.4,3.7,1,281,90,900
86,6.7,4,40,3916,3917,103,52,2.3,3.7,1,281,90,600
87,6.7,4,2,4036,4037,83,76,4.1,3.7,1,281,90,200
88,6.7,4,48,4153,4154,110,50,4.2,3.7,1,281,90,900
89,47.7,12,120,3102,3112,116,94,3.6,-3.6,1,276,18,1100
90,10,7,30,3403,3403,81,34,4.1,3.8,1.3,281,90,1000
91,10,7,30,3518,3519,84,40,3.9,3.7,1.3,281,90,900
92,10,7,1,3518,3519,87,43,3.8,3.7,1.3,281,90,580
93,10,7,30,3632,3633,86,42,4,3.7,1.3,281,90,1000
94,10,7,31,3746,3747,78,49,3.4,0.3,1.3,281,90,1000
95,10,7,30,3904,3905,90,42,3.8,3.7,1.3,281,90,1000
96,10,7,32,4002,4003,89,36,3.7,0.3,1.3,281,90,1000
97,,8,68,,,,,,,,,,
98,25,15,117,2866,2872,84,57,8.7,-5,3.5,210,8,
99,,16,95,,,,,,,,,,
100,41,7,16,3093,3094,75,19,1.6,3.5,2.5,220,88,800
101,41,7,12,3093,3094,100,44,3.8,3.7,2.5,220,88,950
102,41,7,45,3192,3193,100,44,3.8,3.7,2.5,220,88,900
103,41,7,45,3297,3298,98,47,3.5,3.7,2.5,220,88,900
104,13,5,90,2870,2878,94,47,6.3,-5,7,230,5,
105,13,7,79,3117,3123,110,27,7.4,-5.3,4,220,9,
106,38,6,30,3425,3426,82,39,3.6,3.5,1.7,250,88,
107,38,6,31,3563,3564,84,37,3.8,3.5,1.7,250,91,
108,38,6,34,3678,3678,77,48,3,3.5,1.7,250,89,700
109,18.7,6,,3678,3678,,,,3.2,1.7,250,89,
110,16,10,46,3236,3245,38,65,3.6,-4.3,4,200,1,1252
111,,8,87,3101,3110,122,20,9.6,-5.2,5.5,220,11,
112,,8,65,,,,,,,,,,
113,,10,76,,,,,,,,,,
114,,8,71,,,,,,,,,,
115,,11,75,,,,,,,,,,
116,5,2,46,2868,2873,43,68,2.9,-4,9.2,280,0,1100
117,24,5,30,2732,2732,89,45,2.8,3.6,1.5,280,89,900
118,24,5,30,2732,2732,83,53,2.5,,1.5,280,89,900
119,24,5,,2732,2732,,,,,1.5,280,89,
120,9.8,7,72,2953,2963,,,,,4.5,260,1,
121,22.3,8,30,3042,3043,89,29,4.2,3.5,1.8,220,88,1000
122,22.3,8,30,3132,3133,105,27,4.1,3.5,1.8,220,90,1000
123,22.3,8,30,3224,3224,91,30,4.1,3.5,1.8,220,90,1000
124,6.2,5,70,2856,2863,71,57,6.8,-4.8,5.5,260,,1296
125,,14,142,2978,3959,,,,,8,215,84,
126,12,8,54,3275,3286,55,40,8.4,-4.6,5.3,250,11,1200
127,16.5,14,,3260,3268,,,,,3,240,5,
128,16.5,14,,3260,3268,,,,,3,240,5,
129,,13,80,,,,,,,,,,
130,2,1,45,3104,3109,45,71,4.8,-4.1,18.5,275,5,1230
131,5.8,3,73,2869,2874,70,61,6.1,-4.7,8,280,2,1200
132,11.6,4,70,2875,2880,73,48,7.5,-4.7,7.2,280,0,1240
133,17,7,79,2813,2825,73,63,7,-4.8,4.7,260,2,1281
134,16,9,79,2871,2883,79,49,7.7,-4.9,4.7,260,2,1254
135,29.4,7,68,2878,2886,110,52,5.4,-5.1,3.1,220,2,1243
136,,8,73,,,,,,,,,,
137,18,9,45,3412,3423,43,94,2.1,-4.2,5,220,4,1100
138,,14,99,,,,,,,,,,
139,,13,103,2942,2952,125,20,11.3,-4.9,6,230,4,
140,,13,101,3372,3382,153,28,5.6,-5.2,8.5,180,4,
141,,13,100,3407,3416,176,28,5.4,-5.6,5,270,5,
142,14,8,69,3484,3492,100,32,6.3,-4.9,7,353,4,
143,18.6,9,51,3571,3583,87,54,4.5,-5,3.4,280,12,1000
144,16,10,75,3495,3507,66,48,10.5,-4,6,220,4,1244
145,10.5,7,74,2891,2899,64,72,5.7,-4.8,5.5,260,2,1226
146,,9,90,3122,3128,152,24,5.8,-5.5,5,185,12,
147,,8,51,,,,,,,,,,
148,32,16,49,3018,3025,85,32,5,-4.9,4.5,245,1,
149,,16,151,2947,2958,172,32,7.7,-5.4,4,250,1,
150,10,6,45,3266,3277,62,47,6.7,-4.5,4,310,14,1261
151,,8,50,,,,,,,,,,
152,,14,70,,,,,,,,,,
153,,14,51,,,,,,,,,,
154,9,3,81,2898,2909,86,62,6.3,-3.8,6.2,210,3,1238
155,,12,92,2851,2859,62,53,5,-5.4,3.5,226,5,
156,,12,72,,,,,,,,,,
157,,3,61,2924,2930,133,25,5.7,-5.4,4,230,6,
158,,13,61,,,,,,,,,,
159,,14,99,2902,2912,138,27,7.3,-5.5,5,245,1,
160,15,13,97,2853,2860,62,33,13.2,-5.7,4,240,1,
161,,8,79,3041,3050,121,27,7.7,-5.3,6,250,9,
162,,6,61,3253,3259,145,20,5.8,-5.4,6,240,5,
163,14.8,10,85,3159,3174,71,49,10.5,-4.9,4.7,240,8,1297
164,,11,67,3205,3211,8,36,4.9,-5.1,3,215,11,
165,,6,11,,,,,,,,,,
166,,11,71,,,,,,,,,,
167,,8,81,2948,2956,116,27,5.6,-5.2,6,245,1,
168,14,8,95,3083,3089,79,37,10.6,-5.1,4,270,4,
169,21,12,81,3187,3193,80,71,4.5,-5.8,3,250,6,
170,,19,54,,,,,,,,,,
171,12,7,100,3304,3310,100,26,11.6,-5.3,4.5,247,1,
172,12,9,80,2154,2159,,,,,5.8,240,25,1200
173,,10,55,3042,3048,95,43,4.8,-5.2,2.1,250,5,
174,15.1,8,60,3392,3399,,,,,5.8,260,90,1100
175,27,9,60,3367,3368,,,,,3,260,90,1000
176,27,9,60,3599,3600,,,,,3,260,90,1000
177,27,9,60,3709,3710,,,,,3,260,90,1000
178,27,9,60,3832,3833,,,,,3,260,89,900
179,27,9,60,3709,3710,,,,,3,260,90,900
180,27,9,60,3943,3944,,,,,3,260,89,900
181,27,9,60,4055,4056,,,,,3,260,90,900
182,32.9,19,59,3394,3395,109,33,5.5,-3.8,3,270,89,1000
183,10,7,60,3394,3395,,,,,3,270,91,1000
184,10,7,60,3508,3509,,,,,3,270,90,1000
185,10,7,60,3616,3617,,,,,3,270,90,900
186,10,7,60,3729,3730,,,,,3,270,90,1000
187,10,7,60,3869,3870,,,,,3,270,91,1000
188,10,7,60,3961,3962,,,,,3,270,90,900
189,10,7,60,4007,4008,,,,,3,270,90,900
190,17.5,5,80,3322,3323,127,40,5.3,3.8,3,240,90,900
191,17.5,5,80,3434,3435,118,42,5.3,3.8,3,240,90,900
192,17.5,5,80,3546,3546,121,44,4.8,3.7,3,240,91,900
193,10,7,50,3034,3041,,,,,3.80,1100,4.4,51
194,,3,50,,,,,,,,,,
195,17,5,28,3381,3401,25,77,1.3,-3.1,2,326,6,1200
196,,7,24,,,,,,,,,,
197,,9,65,,,,,,,,,,
198,,7,39,,,,,,,,,,
199,,4,22,,,,,,,,,,
200,4,4,60,2932,2942,114,46,4,-5.2,5.8,285,16,1200
201,,15,93,,,,,,,,,,
202,,10,68,,,,,,,,,,
203,,20,45,,,,,,,,,,
204,12,4,30,3478,3478,43,57,3.9,4.8,1,281,91,900
205,12,4,80,3584,3585,152,46,3.7,5.8,1,281,91,900
206,5,4,74,3691,3691,118,46,4,5.8,1,281,90,900
207,5,4,80,3801,3802,123,44,4.4,5.9,1,281,88,900
208,5,4,80,3911,3912,124,41,4.3,5.9,1,281,90,900
209,5,4,80,4072,4073,121,43,4.4,5.8,1,281,90,900
210,5,4,82,4257,4257,121,43,4.5,5.8,1,281,89,900
211,19.1,5,80,3420,3421,118,56,4.2,3.8,1.3,281,90,900
212,19.1,5,81,3540,3541,117,55,4.3,3.8,1.3,281,89,900
213,19.1,5,81,3649,3650,106,62,4.3,3.6,1.3,281,89,900
214,19.1,5,80,3758,3759,116,53,4.3,3.8,1.3,281,89,900
215,19.1,5,82,3872,3873,116,57,3.7,3.7,1.3,281,89,800
216,19.1,5,,3872,3873,,,,,1.3,281,89,900
217,19.1,5,80,3991,3992,119,52,4.2,3.7,1.3,281,90,900
218,19.1,5,80,4150,4151,114,53,4.3,3.7,1.3,281,92,900
219,34.4,5,81,3532,3533,142,62,2.9,3.8,1.3,245,89,900
220,34.4,5,80,3644,3645,135,51,3.6,3.7,1.3,240,88,900
221,34.4,5,81,3746,3747,129,64,3.3,3.7,1.3,240,90,900
222,34.4,5,80,3869,3870,152,53,3.2,3.8,1.3,240,90,900
223,34.4,5,81,3992,3993,128,52,4.1,3.8,1.3,240,90,900
224,34.4,5,81,4142,4142,145,58,3.1,3.7,1.3,245,90,900
225,34.4,5,80,4244,4245,156,46,3.5,3.9,1.3,240,91,800
226,,14,87,,,,,,,,,,
227,,5,50,2852,2862,87,44,3.7,-4.8,11,200,4,
228,,3,58,,,,,,,,,,
229,,13,22,,,,,,,,,,
230,,16,45,,,,,,,,,,
231,11.6,6,50,3508,3509,,,,,2.4,280,91,1000
232,11.6,6,50,3619,3621,,,,,2.4,280,91,1000
233,11.6,6,50,3707,3708,,,,,2.4,280,90,1000
234,11.6,6,50,3818,3819,,,,,2.4,280,91,900
235,11.6,6,50,3929,3930,,,,,2.4,280,90,900
236,11.6,6,31,4040,4041,,,,,2.4,280,91,900
237,22,21,41,3366,3367,,,,,3,280,90,800
238,22,21,9,3644,3645,,,,,3,280,87,508
239,22,21,50,3717,3718,,,,,3,280,90,900
240,22,21,50,3888,3892,,,,,3,280,90,900
241,22,21,50,3803,3804,,,,,3,280,91,900
242,23.6,10,72,3271,3288,73,44,9.5,-4.5,5.1,210,13,1236
243,19.6,12,71,2862,2877,72,38,10.2,-4.9,3.5,230,2,1200
244,,9,87,2926,2938,113,31,8.4,-5.1,8.3,230,1,
245,,20,103,,,,,,,,,,
246,,19,50,,,,,,,,,,
247,,13,94,3424,3436,90,28,7.5,-5,10,240,4,
248,,16,31,,,,,,,,,,
249,,7,71,3291,3297,116,25,6.9,-5.3,5,220,22,
250,,8,20,,,,,,,,,,
251,,7,70,3675,3687,95,29,4.7,-5,6,280,7,
252,,5,39,,,,,,,,,,
253,7.7,6,57,3245,3252,55,69,3.5,-4.5,5,290,6,1227
254,,6,32,,,,,,,,,,
255,,18,23,,,,,,,,,,
256,5.2,4,63,3041,3047,82,69,2.8,-4.7,6.2,290,2,1592
257,,7,58,2791,2797,85,53,3.6,-5.2,10,235,,
258,,17,200,,,,,,,,,,
259,,11,54,,,,,,,,,,
260,6.4,8,62,2970,2978,66,82,3.6,-4.5,9.6,250,3,1230
261,,14,78,2957,2966,117,26,6,-5.2,12,205,1,
262,,21,149,,,,,,,,,,
263,,15,41,,,,,,,,,,
264,,8,44,3427,3441,,,,,12,220,1,
265,,25,22,,,,,,,,,,
266,,6,70,3246,3250,57,67,5.8,-5.4,5,225,70,
267,,25,,,,,,,,,,,
268,11.2,7,60,3315,3321,76,49,4.1,-4.9,1.3,360,11,1200
269,,5,56,3315,3321,83,67,3,-5.4,5,338,11,
270,70,12,100,3247,3674,93,46,6.6,-5.2,2,225,83,
271,,4,72,3247,3674,47,81,2.6,-5.2,2,220,83,
272,,20,131,,,,,,,,,,
273,,9,120,2928,2938,117,26,11,-5,15,200,5,
274,,15,22,,,,,,,,,,
275,,27,37,,,,,,,,,,
276,,18,80,,,,,,,,,,
277,,14,72,,,,,,,,,,
278,,7,74,3613,3621,114,30,6.1,-5.2,9,245,5,
279,,16,110,2914,2922,79,64,9,-5,6,250,9,
280,,21,54,,,,,,,,,,
281,10,8,69,3282,3291,70,72,4.2,-4.8,4.1,260,3,1296
282,,12,82,,,,,,,,,,
283,13,8,55,2994,3003,57,59,6.1,-4.6,4.2,260,1,1265
284,,8,76,3057,3065,84,78,3.9,-5.6,6,200,8,
285,10.2,8,73,3353,3365,75,78,4,-4.8,4.3,250,2,1259
286,12.2,8,54,3087,3100,50,75,3.4,-4.5,4,260,3,1235
287,12.2,8,0,3087,3100,,,,,4,260,3,
288,5.6,6,60,2949,2959,52,72,3.4,-4.5,5.5,260,2,1220
289,,27,51,,,,,,,,,,
290,,10,,3095,3105,,,,-4.7,12,240,3,
291,,10,119,3471,3485,113,38,7.2,-5.1,11,200,3,
292,16.1,9,88,3365,3375,90,63,6.8,-5,5.5,200,3,1225
293,28,8,89,3592,3602,93,59,6.2,-5,3.9,240,5,1365
294,11,9,114,3384,3394,146,44,6.5,-5.5,3.6,270,2,1246
295,18,9,79,3523,3535,94,66,5,-5.2,3.7,250,11,1230
296,8.7,9,54,3618,3625,71,54,4.2,-5,3.1,260,7,1199
297,7.5,6,90,3359,3367,77,72,4.8,-4.9,5.6,220,4,1352
298,13.2,10,85,3593,3607,87,49,7.8,-5,3.7,210,4,1260
299,18,11,98,3093,3110,82,80,3.6,-5,3.9,210,4,1255
300,18,11,1,3093,3110,,,,,3.9,210,4,
301,13.3,8,89,3315,3329,130,38,6.1,-5.4,3.7,240,10,1352
302,13.2,11,80,3176,3189,99,53,6.9,-4.5,3.2,210,6,1222
303,11,9,97,3030,3042,89,74,5.6,-4.3,3,200,,1200
304,14,9,99,2862,2870,97,67,4.7,-4.1,4.5,200,10,1249
305,25,11,120,2811,2823,129,54,5.7,-5.1,6,200,1,
306,,9,81,,,,,,,,,,
307,,15,35,,,,,,,,,,
308,5,5,70,3110,3117,92,72,3.7,-4.7,6.6,250,3,1295
309,,3,93,3125,3131,114,32,6.3,-5.3,5,280,4,
310,11,8,99,3103,3114,101,63,5.5,-4.3,3,220,4,1232
311,,11,119,3750,3757,129,36,5.4,-5.3,5,200,8,
312,,14,108,,,,,,,,,,
313,,14,42,,,,,,,,,,
314,,8,48,,,,,,,,,,
315,15.4,11,109,2876,2886,128,40,7.5,-5.4,6.5,200,1,
316,,,116,,,,,,,,,,
317,,,109,,,,,,,,,,
318,,12,78,,,,,,,,,,
319,,12,11,,,,,,,,,,
320,,15,22,,,,,,,,,,
321,,13,,3915,4507,,,,,10,190,89,
322,,6,43,3083,3089,65,25,6.6,-4.4,10.5,180,54,
323,,5,,3183,3189,,,,,10,200,54,
324,,22,74,,,,,,,,,,
325,,17,23,,,,,,,,,,
326,,12,5,,,,,,,,,,
327,20,11,50,3722,3749,73,46,5.4,-5,2,230,13,1200
328,2.6,3,45,3028,3036,79,60,3.2,-4.6,9.5,240,5,1000
329,,17,60,,,,,,,,,,
330,,29,17,,,,,,,,,,
331,,,21,,,,,,,,,,
332,18,11,112,2985,2997,141,64,4.2,-5,7,180,6,
333,20,12,80,3599,3600,98,51,5.9,5.6,2,250,88,1000
334,20,12,80,3711,3712,98,55,5.7,5.6,2,250,88,1000
335,20,12,82,3822,3822,97,52,5.9,5.6,,800,2,79
336,,13,101,3368,3378,156,26,6.7,-5.4,5,190,5,
337,,16,120,3113,3123,111,42,5.3,-5.3,4,250,6,
338,,16,82,,,,,,,,,,
339,,11,89,3067,3076,77,63,6,-5.6,6,220,9,
340,,17,22,,,,,,,,,,
341,,17,20,,,,,,,,,,
342,4.8,5,50,2897,2902,42,53,4.3,-4.6,6.6,240,6,1200
343,23.7,14,80,3402,3421,,,,,2.1,230,12,1200
344,17.4,12,50,2965,2983,66,47,3,-5.3,2.3,230,13,1200
345,3.4,3,60,2845,2850,59,63,3.9,-4.9,9.4,240,1,1200
346,6.7,4,50,3204,3228,72,58,4.7,-4.4,10.2,220,76,1000
347,7.3,4,50,3331,4216,,,,,5.6,240,86,1000
348,16.3,13,130,3486,3503,128,29,6.9,-6,2.5,260,18,1200
349,26.3,4,60,3439,3445,66,74,4.4,-4.6,7.5,378,13,1010
350,,9,23,,,,,,,,,,
351,20.7,13,125,3587,3597,108,31,6.8,-5.8,1.5,260,15,1200
352,7.8,7,80,3111,3120,98,69,4.8,-5.1,5,250,4,1256
353,19.2,13,120,2936,2956,96,52,8.9,-5.3,2.7,240,3,1261
354,,9,91,3163,3171,114,28,6.1,-5.2,5,200,5,
355,,12,125,3026,3311,53,50,8.5,-5.4,4,200,90,
356,,11,113,2923,2933,76,75,6,-5.7,6,190,2,
357,,7,,2842,2860,,,,-5.1,4,220,15,
358,,27,52,,,,,,,,,,
359,,13,100,2929,2937,115,40,5.1,-5.2,6,210,10,
360,,24,22,,,,,,,,,,
361,,17,117,,,,,,,,,,
362,,,9,,,,,,,,,,
363,,18,9,,,,,,,,,,
364,30,7,55,3301,3311,87,58,3,-5.1,2.3,315,20,1000
365,26,8,78,3116,3124,60,35,8.3,-4.7,3.3,303,10,1200
366,9.5,8,100,3332,3342,128,47,7.8,-5.3,4.8,230,6,1250
367,17.4,11,103,3055,3066,108,67,5.5,-5.3,4.4,210,6,1253
368,26,22,114,3307,3323,121,40,10.1,-5.5,2.2,220,6,1228
369,,15,120,3091,3113,100,36,8.5,-5.2,6,250,1,
370,,12,84,,,,,,,,,,
371,,22,23,,,,,,,,,,
372,,22,102,,,,,,,,,,
373,7.5,5,80,3107,3113,,,,,2.4,180,7,1200
374,3.4,3,61,3107,3113,109,28,5,-5.5,7.4,260,7,1200
375,10,5,85,2967,2977,149,46,6.1,-5.2,4.6,240,17,1200
376,10,5,60,2967,2977,104,56,2.1,-5.6,4.6,240,17,1200
377,24,3,50,2923,2928,,,,,5.9,280,4,
378,12,10,99,3333,3343,107,68,6.5,-5.3,4.4,205,5,1263
379,17.7,11,99,3443,3454,113,42,10.6,-5.3,4.4,205,6,1232
380,17.7,11,22,3443,3454,,,,,4.4,205,6,840
381,23,20,122,3130,3153,91,51,10.4,-5.1,4.4,220,2,1270
382,,17,92,3301,3309,70,40,9,-4.9,3,200,10,
383,,28,57,,,,,,,,,,
384,,22,104,,,,,,,,,,
385,35,6,25,2923,2930,64,30,3.3,3.8,3,230,6,1000
386,15,11,100,2798,2808,86,67,4.4,-5.5,2.5,260,1,1200
387,9,5,90,2815,2821,88,62,7.4,-5.1,3.7,280,1,1200
388,12,7,74,3557,3569,87,53,6.8,-5.1,5,250,8,1245
389,6.6,6,89,2822,2829,84,50,6.6,-5.1,3.4,260,1,1200
390,18.8,11,85,3170,3190,93,53,7.1,-5.2,3.2,210,7,1250
391,23,18,84,2911,2929,75,55,7.9,-4,2.3,200,5,1220
392,,21,23,,,,,,,,,,
393,,11,90,2900,2910,195,28,4.5,-5.6,2.8,220,4,
394,,11,88,,,,,,,,,,
395,,26,46,,,,,,,,,,
396,,20,103,,,,,,,,,,
397,11,10,99,3397,3408,100,58,8,-5.2,2.8,270,8,1197
398,24,13,85,3004,3028,68,46,11.9,-4.9,3,200,8,1256
399,30,12,89,3047,3060,88,45,8.2,-5.1,3.3,240,7,1293
400,20.4,16,87,3068,3089,89,58,6.5,-4.1,2.6,220,5,1221
401,,17,106,,,,,,,,,,
402,,19,44,,,,,,,,,,
403,,33,23,,,,,,,,,,
404,,14,68,,,,,,,,,,
405,,21,34,,,,,,,,,,
406,,8,9,,,,,,,,,,
407,9.3,9,100,2958,2968,107,47,8.5,-5.4,2.1,280,4,1200
408,7.2,6,105,3223,3231,114,53,7.9,-5.4,2,280,8,1200
409,30.1,14,90,3214,3227,75,37,11.5,-5.1,2.8,250,10,1220
410,7.9,7,89,3334,3343,103,47,8.7,-5.3,4.7,260,8,1242
411,13.4,13,89,3320,3334,102,47,8.5,-5.4,3,250,15,1242
412,17.4,10,95,2891,2907,97,44,5.7,-5.1,2.6,270,2,1200
413,10,8,90,3556,3566,108,26,5.9,-5.6,3.2,270,10,1200
414,13.7,5,79,3380,3394,63,59,7,-4.8,6,260,7,1267
415,12,11,99,3220,3232,120,47,8.1,-5.4,3,240,7,1294
416,13.6,11,102,3417,3432,,,,,2.7,280,11,
417,34,13,89,2987,3006,112,45,8.3,-5.4,2.7,260,7,1250
418,,10,,3140,3148,,,,-5,4,200,5,
419,,17,95,,,,,,,,,,
420,,,13,,,,,,,,,,
421,,18,81,,,,,,,,,,
422,,8,11,,,,,,,,,,
423,,17,90,,,,,,,,,,
424,,21,22,,,,,,,,,,
425,5.6,5,70,3065,3071,86,43,8.7,-4.9,5,275,10,1200
426,5,5,50,3509,3514,64,53,6,-4.7,4.6,260,15,1200
427,4.5,4,50,3343,3349,76,50,5.6,-4.9,5.1,260,25,1200
428,10,6,90,3525,3535,137,46,6,-5.2,5.5,250,10,1215
429,26,21,119,3438,3456,95,51,10,-5.3,2,240,19,1250
430,28.1,11,89,3236,3249,100,47,8.3,-5.2,2.8,250,5,1258
431,16,3,80,2992,3000,68,73,5,-5.6,4.5,270,57,
432,,4,6,,,,,,,,,,
433,,10,87,,,,,,,,,,
434,19,5,30,2962,2963,78,58,3.2,3.3,1.5,280,91,1000
435,19,5,50,3072,3073,108,65,3.4,3.6,1.5,280,91,1000
436,19,5,50,3180,3182,101,69,3.2,3.6,1.5,280,91,1000
437,11.5,10,95,3301,3313,110,24,5.8,-5.5,5.4,270,8,1200
438,9.4,7,70,3380,3390,152,18,5,-5.7,3.6,280,7,1200
439,16,10,100,3048,3058,81,46,10.7,-5,2.4,240,4,1200
440,9.4,6,70,3599,3608,65,37,8.4,-5.3,4,280,7,1200
441,19.6,11,95,2827,2840,99,38,5.4,-5.6,3,280,2,1200
442,14.5,13,80,3068,3085,,,,,1.5,270,28,1200
443,,9,75,,,,,,,,,,
444,,,17,,,,,,,,,,
445,,19,21,,,,,,,,,,
446,,9,81,2845,2852,140,24,6.4,-5.6,2.5,250,2,
447,,10,81,,,,,,,,,,
448,,,,,,,,,,,,,
449,,,8,,,,,,,,,,
450,11,3,52,3465,3476,53,61,5,-4.4,8.1,275,8,1228
451,,,,,,,,,,,,,
452,,13,84,,,,,,,,,,
453,,,21,,,,,,,,,,
454,,19,12,,,,,,,,,,
455,,7,58,,,,,,,,,,
456,13,9,80,3212,3225,103,43,8.7,-5.3,2.8,260,15,1200
457,14.1,9,80,3609,3619,110,38,4.9,-5.2,3,260,21,1200
458,6.5,5,65,3578,3586,96,44,6.3,-5.1,4.9,260,10,1200
459,13.6,8,45,3134,3144,65,33,4.7,-4.7,3.4,260,6,1200
460,43,8,50,3136,3146,166,31,3.8,3.7,2.5,270,10,1000
461,,8,76,,,,,,,,,,
462,,25,21,,,,,,,,,,
463,,10,16,,,,,,,,,,
464,,12,72,,,,,,,,,,
465,,12,21,,,,,,,,,,
466,12.6,8,90,2859,2870,142,30,5.7,-5.8,3.5,280,0,1200
467,12.1,12,90,3239,3251,92,44,10.3,-5.2,2.1,270,7,1200
468,17.6,15,120,3050,3067,173,29,6.5,-5.8,5.4,270,3,1200
469,20.5,15,107,3384,3395,104,72,6.9,-5.3,3.4,220,4,1274
470,20,16,98,3104,3118,98,41,11.1,-5.2,3.3,220,4,1315
471,14,14,88,3110,3124,94,38,12.5,-5.1,3.9,220,4,1279
472,,10,87,3121,3127,180,22,5.9,-5.6,2.5,220,59,
473,,19,77,,,,,,,,,,
474,,14,17,,,,,,,,,,
475,,12,80,,,,,,,,,,
476,,13,20,,,,,,,,,,
477,,13,17,,,,,,,,,,
478,17.8,4,5,3021,3026,30,30,2.1,3.1,2.7,305,8,700
479,16,14,98,3493,3509,106,58,7.8,-5.4,1.8,260,8,1200
480,20,13,95,3448,3467,153,26,4.8,-5.5,1.9,260,11,1200
481,19.6,14,90,3103,3123,112,47,4.1,-5.2,1.9,260,4,1200
482,,21,,,,,,,,,,,
483,,16,16,,,,,,,,,,
484,,13,11,,,,,,,,,,
485,,13,13,,,,,,,,,,
486,,7,9,,,,,,,,,,
487,18.2,15,50,2938,2957,56,49,4.2,-4.6,1.7,260,1,1200
488,12.2,8,70,3086,3098,84,47,7.6,-5.1,3,270,9,1200
489,14.4,11,90,2935,2947,60,39,6.1,-4.7,2.5,260,5,1200
490,16.7,15,90,3385,3394,97,34,5.8,-5.7,2,210,7,1200
491,16.4,13,125,3004,3018,97,42,4.5,-5.6,2.7,260,5,1200
492,9.7,8,95,2983,2993,107,34,6.3,-5.6,4.3,260,7,1200
493,10.6,5,100,3028,3035,94,58,8.6,-5,7.9,260,7,1200
494,10.6,5,39,3028,3035,,,,,7.9,260,7,900
495,15,10,98,3238,3254,112,65,6.7,-5.3,4.2,240,7,1243
496,16.1,15,104,3012,3030,107,63,7.2,-5.4,2.7,240,7,1277
497,19.6,14,98,2883,2898,103,46,8.5,-5.2,3.5,215,3,1220
498,14.6,10,109,2895,2906,142,43,9.8,-5.5,3,250,2,1240
499,,11,111,3108,3117,82,47,8.9,-5,3.6,215,17,
500,,14,23,,,,,,,,,,
501,,17,16,,,,,,,,,,
502,,12,21,,,,,,,,,,
503,,10,14,,,,,,,,,,
504,,26,21,,,,,,,,,,
505,15.6,11,100,2856,2872,116,45,7.8,-5.3,4.3,215,1,1298
506,19.8,19,104,2809,2828,107,51,10.2,-5.4,2.1,260,1,1249
507,12,7,15,3145,3146,55,37,2.4,4.9,2,180,89,900
508,12,7,15,3280,3281,58,38,2.2,4.9,2,180,89,900
509,12,7,15,3409,3411,55,36,2.4,4.9,2,180,89,800
510,13.5,8,109,2894,2908,104,56,7.9,-5.2,4,250,4,1230
511,14.8,9,80,3072,3085,74,61,7.3,-5,3.4,260,1,1273
512,,15,22,,,,,,,,,,
513,,12,87,,,,,,,,,,
514,,14,19,,,,,,,,,,
515,,8,29,,,,,,,,,,
516,,16,17,,,,,,,,,,
517,,,16,,,,,,,,,,
518,,20,16,,,,,,,,,,
519,,14,11,,,,,,,,,,
520,,9,12,,,,,,,,,,
521,,,2,,,,,,,,,,
522,,,4,,,,,,,,,,
523,,,3,,,,,,,,,,
524,8,6,80,3696,3704,91,68,6.3,-5,6.8,260,28,1200
525,23.2,16,109,3032,3048,104,51,8.5,-5.3,3,260,6,1239
526,10.3,10,109,2917,2928,,,,,3.3,260,5,
527,11.6,8,105,3076,3088,97,49,9.3,-5.2,4.2,260,3,1200
528,14.6,11,95,3265,3281,78,52,9.7,-5.1,2.8,260,3,1252
529,18,11,100,3075,3083,65,73,7.2,-5.6,4.5,210,15,
530,,12,112,3317,3325,120,52,5.3,-5.1,4,250,1,
531,,7,96,3203,3211,90,84,4.4,-5.9,3,270,1,
532,,12,98,3081,3089,154,44,4,-5.1,4,270,8,
533,,12,98,2952,2961,73,57,4,-4.9,1.8,240,7,
534,,11,120,2952,2962,141,31,5.6,-5.4,2,250,2,
535,,4,64,2862,2868,107,37,5,-5.1,4,275,2,
536,,4,8,,,,,,,,,,
537,,,5,,,,,,,,,,
538,9.2,6,103,3051,3060,60,37,4.7,-5,5.8,260,5,1200
539,14,6,98,2928,2938,101,60,8.4,-4.1,2.7,200,5,1329
540,20,9,118,3024,3034,143,41,6.6,-5.5,4.5,180,9,
541,8,4,76,3457,3463,84,49,5.3,-5.8,4,250,20,
542,11,6,88,3027,3033,64,67,6.2,-4.8,4,210,20,1200
543,16,8,89,2876,2886,80,70,5.3,-5.7,4.5,200,3,
544,20,6,101,3386,3394,102,90,3.8,-5,4,280,5,
545,20,6,0,3388,3394,,,,,4,280,5,
546,32,8,90,3275,3281,108,29,6.1,-5,4,230,36,
547,32,8,,3275,3281,,,,,4,230,36,
548,,6,9,,,,,,,,,,
549,17,9,50,2962,2969,166,39,3.2,3.4,2.5,245,2,1100
550,18,10,105,3102,3112,100,35,8.4,-5.2,3.8,335,6,1200
551,16.6,10,107,3143,3155,106,59,7.6,-5.4,3.8,270,4,1210
552,12.6,9,103,3366,3376,,,,,3.7,260,13,
553,34,7,23,3130,3130,36,50,3.4,3,1.5,250,90,700
554,34,7,15,3216,3217,49,45,1.9,3,1.5,250,90,900
555,34,7,20,3314,3314,53,54,2.4,3.2,1.5,250,90,900
556,34,7,21,3410,3410,62,34,2.6,3.3,1.5,250,90,800
557,14.5,13,120,2838,2848,58,45,4.9,-5.2,2.5,275,1,1200
558,16,7,91,3327,3343,101,47,9.9,-5.2,5.5,210,11,1232
559,16,9,99,3157,3173,100,43,9.1,-5.2,4.4,210,4,1256
560,15,11,99,2861,2876,127,50,7.3,-5.3,3.7,210,8,1249
561,,,82,,,,,,,,,,
562,20.4,12,15,3313,3314,52,28,2.6,3.5,2.5,200,90,800
563,20.4,12,40,3428,3429,94,31,4.1,3.9,2.5,200,90,800
564,20.4,12,40,3543,3543,92,32,3.9,3.8,2.5,200,90,800
565,16,4,100,3105,3121,98,46,7.4,-5.9,8,265,4,
566,,,6,,,,,,,,,,
567,44.5,20,50,3158,3166,111,45,3.7,3.8,1.5,245,11,1000
568,22,7,96,2890,2911,81,64,5.7,-4.3,4.1,200,1,1200
569,22,8,94,2946,2954,111,65,4.3,-5.2,4,200,1,
570,29,10,100,3108,3119,83,50,8.7,-5.1,2.2,280,35,1200
571,,7,38,,,,,,,,,,
572,,18,22,,,,,,,,,,
573,9.3,5,79,3496,3506,80,43,7.6,-4.9,5.6,270,12,1436
574,12.6,7,96,2913,2923,84,56,7.9,-5,6.2,260,3,1290
575,14,6,98,3300,3309,85,56,7.3,-4.9,6.2,220,1,1299
576,14,10,100,3079,3090,95,74,6.1,-5.2,3.9,220,2,1272
577,12.4,9,90,2932,2941,86,57,7,-4.9,5,210,,1256
578,14.8,11,111,2840,2850,115,52,9,-5.2,4.4,210,1,1200
579,10,7,81,3108,3119,96,74,4.2,-5,3.5,210,,1268
580,12,5,77,2903,2910,102,51,4,-4.7,4.5,200,7,
581,16.4,6,70,2910,2915,98,49,4.2,-5,4.4,260,15,1200
582,16.4,6,,2910,2915,,,,,4.4,260,15,
583,16.4,6,,2910,2915,,,,,4.4,260,15,
584,16,8,84,2816,2832,85,68,5.2,-4,4.5,200,1,
585,,4,47,,,,,,,,,,
586,,,4,,,,,,,,,,
587,,11,61,,,,,,,,,,
588,6.6,5,99,3352,3360,90,54,7.8,-4.9,7.5,220,3,1217
589,8.8,7,88,3121,3130,100,57,7,-5.1,4.2,250,4,1352
590,3.8,4,51,3110,3115,45,105,2.7,-4.5,7.7,260,7,1000
591,15.6,11,85,2988,3000,130,32,6.2,-5.8,3,230,3,1200
592,9,6,79,2989,2998,103,53,6.4,-5.1,6.7,220,3,1250
593,14.8,10,111,2862,2875,130,49,8.9,-5.4,4,210,3,1261
594,13.8,12,100,3012,3026,125,45,9.2,-5.4,3.3,220,2,1220
595,15,7,84,3050,3060,87,62,5.1,-4,3,230,3,1200
596,11,4,79,2924,2935,76,58,5.8,-4.9,6.5,210,,1239
597,18,6,79,2875,2891,88,55,6.2,-4,4.5,200,,1238
598,,,7,,,,,,,,,,
599,54.6,14,10,3007,3014,47,21,1.8,3.7,3,290,14,900
600,12,12,100,3251,3263,115,39,11,-5.4,2.5,260,13,1200
601,11.3,9,95,3188,3198,121,50,8.2,-5.3,4,210,7,1200
602,27.6,3,80,2947,2953,114,59,5.2,3.9,3,242,3,1000
603,1.8,2,25,2948,2953,21,68,3.3,-3.9,14,280,2,1200
604,9.2,7,101,3164,3173,100,58,8.5,-5.2,4,260,6,1200
605,9.2,4,77,3286,3297,54,34,7.5,-5,7.2,260,14,1200
606,9,5,73,3066,3077,61,80,5.3,-4.8,6.2,240,2,1270
607,9,5,73,3178,3188,87,52,8.4,-5,6,240,6,1287
608,10,5,80,3064,3073,80,46,6.4,-5.1,3.7,200,5,1335
609,16,5,81,2952,2966,79,70,4.8,-4.9,5,200,2,1229
610,21,6,87,3116,3126,78,68,5.1,-5.7,5,255,11,
611,,5,63,,,,,,,,,,
612,,11,9,,,,,,,,,,
613,,,5,,,,,,,,,,
614,,12,7,,,,,,,,,,
615,,,12,,,,,,,,,,
616,15.9,10,80,3466,3480,113,52,4.5,-5.7,2.9,260,14,1200
617,11.2,11,77,3547,3556,74,43,13.4,-4.3,3.8,220,3,1217
618,13.2,9,78,3589,3603,108,39,7.7,-4.4,4.5,200,4,1271
619,3.6,4,61,3274,3284,68,48,5.7,-4.6,8,220,9,1200
620,13.6,9,78,3535,3549,85,52,7.3,-4.9,4.5,260,9,1385
621,15,8,79,3338,3348,89,57,6.2,-3.8,4.5,220,5,1200
622,13.7,6,70,3377,3383,81,42,4.8,-4.9,3.8,240,21,1200
623,20,7,79,3294,3309,95,54,6.4,-5,4.4,250,10,1200
624,9,5,58,3156,3165,80,56,6.1,-3.6,6.2,250,6,1275
625,38.5,6,80,3064,3080,81,76,5.3,-4.2,4.2,200,9,1200
626,2.6,3,56,3002,3002,75,73,3.3,-5.4,4,280,89,
627,,,5,,,,,,,,,,
628,,12,11,,,,,,,,,,
629,,,3,,,,,,,,,,
630,,,14,,,,,,,,,,
631,,18,14,,,,,,,,,,
632,42.2,8,50,3431,3432,98,55,3.1,-3.6,2.6,260,89,1000
633,42.2,8,50,3576,3577,116,60,2.6,-3.6,2.6,260,91,1000
634,11.9,9,50,3576,3577,,,,,2.6,260,,1000
635,11.9,9,51,3710,3711,,,,,2.6,260,,1000
636,11.9,9,49,3845,3846,,,,,2.6,260,,1000
637,11.9,9,50,3970,3971,,,,,2.6,260,,900
638,10,4,40,3492,3502,,,,,2.7,260,20,1000
639,10,4,50,3330,3332,,,,,1.8,260,89,1000
640,10,4,50,3465,3466,,,,,,1.8,260,
641,10,4,50,3600,3601,,,,,1.8,260,90,1000
642,10,4,50,3723,3724,,,,,1.8,260,90,900
643,10,4,33,3858,3859,,,,,1.8,260,91,800
644,10,4,50,3993,3994,,,,,1.8,260,88,900
645,13.8,4,8,3187,3188,,,,,1.7,260,87,850
646,13.8,4,25,3320,3321,,,,,1.7,260,89,1000
647,13.8,4,25,3459,3460,,,,,1.7,260,89,1000
648,13.8,4,13,3553,3554,,,,,1.7,260,86,1000
649,13.8,4,25,3649,3650,,,,,1.7,260,89,1000
650,13.8,4,25,3758,3759,,,,,1.7,260,90,900
651,13.8,4,25,3854,3855,,,,,1.7,260,89,800
652,,18,20,,,,,,,,,,
653,,12,74,,,,,,,,,,
654,,,5,,,,,,,,,,
655,,10,65,,,,,,,,,,
656,,13,16,,,,,,,,,,
657,,3,66,3136,3142,108,69,3,-5.6,3.7,280,7,
658,,10,13,,,,,,,,,,
659,,6,43,3182,3187,84,27,4.5,-5.3,6.2,260,16,
660,,4,91,3250,3270,78,54,5.9,-5,3,280,1,
661,,11,,,,,,,,,,,
662,,,11,,,,,,,,,,
663,,,11,,,,,,,,,,
664,,13,12,,,,,,,,,,
665,,10,93,,,,,,,,,,
666,,2,60,3362,3367,95,31,4.8,-4.6,10,280,7,
667,,13,32,,,,,,,,,,
668,,,7,,,,,,,,,,
669,,9,99,,,,,,,,,,
670,,9,22,,,,,,,,,,
671,,,22,,,,,,,,,,
672,,15,77,2976,2982,62,39,9,-4.9,5.2,290,4,
673,,5,76,3208,3214,89,61,2.3,-4.4,5,240,1,
674,,,32,,,,,,,,,,
675,,12,32,,,,,,,,,,
676,,,7,,,,,,,,,,
677,,9,67,,,,,,,,,,
678,,4,42,,,,,,,,,,
679,,13,15,,,,,,,,,,
680,,,9,,,,,,,,,,
681,,11,11,,,,,,,,,,
682,,15,14,,,,,,,,,,
683,20,6,74,2916,2924,64,67,5.9,-4.9,4.9,240,3,1338
684,,4,,3219,3225,90,76,2.4,-5.2,3.6,190,18,
685,,18,39,,,,,,,,,,
686,,8,11,,,,,,,,,,
687,,9,60,2957,2965,105,17,10.2,-5.2,5,250,3,
688,,16,14,,,,,,,,,,
689,,10,16,,,,,,,,,,
690,21.2,4,30,3350,3351,,,,,1.8,281,89,1000
691,21.2,4,30,3496,3497,,,,,1.8,281,90,1000
692,21.2,4,30,3655,3655,,,,,1.8,281,90,1000
693,21.2,4,30,3825,3826,,,,,1.8,281,91,1000
694,21.2,4,30,3995,3996,,,,,1.8,281,91,900
695,,,50,2964,2972,,,,,,280,,1000
696,38.6,7,50,3368,3369,156,30,3.8,-3.8,1.5,281,89,1000
697,15.8,7,50,3502,3502,,,,,,281,90,1000
698,15.8,7,50,3635,3635,,,,,,281,90,1000
699,15.8,7,50,3769,3769,,,,,,281,90,1000
700,15.8,7,42,3915,3916,,,,,,281,93,900
701,5,4,50,3312,3318,,,,,,280,6,1200
702,44.2,5,30,3472,3473,78,48,2.8,-3.8,1.8,280,90,900
703,7.8,5,50,3606,3607,,,,,1.8,280,90,1000
704,7.8,5,50,3728,3729,,,,,1.8,280,90,1000
705,7.8,5,50,4009,4009,,,,,1.8,280,89,1000
706,7.8,5,50,4163,4164,,,,,1.8,280,91,900
707,,3,57,3016,3021,105,21,4.7,-5,4,240,2,
708,41,4,20,3173,3174,60,47,3,3.7,3,220,90,900
709,41,4,20,3292,3293,54,50,2.7,3.7,3,220,90,900
710,41,4,20,3423,3424,53,53,3.1,3.7,3,220,90,900
711,,5,73,2981,2987,175,20,5.7,-5.5,4,205,13,
712,,5,47,,,,,,,,,,
713,,4,52,,,,,,,,,,
714,,11,15,,,,,,,,,,
715,,14,80,3028,3034,108,36,5.8,-5.1,3.5,275,11,
716,12,5,30,3584,3585,93,35,2.6,5,2.5,260,90,800
717,12,5,30,3676,3677,95,33,2.7,5.1,2.5,260,90,700
718,12,5,21,3770,3771,88,29,2.8,3.5,2.5,260,90,800
719,12,5,30,3859,3860,98,35,2.8,5.2,2.5,260,90,800
720,7.6,6,61,3351,3359,68,38,10.8,-4.9,4.1,280,5,1200
721,44,5,21,3381,3384,48,42,1.5,3.4,1.5,315,91,700
722,19,7,86,3025,3034,76,68,5.5,-5,4.2,282,4,1285
723,7.8,5,31,3131,3131,,,,,3.7,270,90,900
724,7.8,5,30,3311,3312,,,,,3.7,270,88,1000
725,7.8,5,31,3429,3439,,,,,3.7,270,90,700
726,4,4,61,2908,2914,73,60,3.1,-3.6,8,260,2,1286
727,,6,60,2921,2927,125,18,5.6,-5,5,200,2,
728,,17,19,,,,,,,,,,
729,18,6,76,2870,2876,71,58,7.8,-4.8,4.8,260,5,1307
730,12,4,30,3121,3122,103,41,2.3,5,3,270,90,900
731,12,4,30,3220,3221,102,43,2.2,5,3,270,90,900
732,12,4,30,3319,3319,102,45,2.1,5,3,270,90,900
733,12,4,15,3417,3418,53,37,2.5,4.7,3,270,90,900
734,,5,72,2843,2850,90,40,5.7,-4.9,5,250,,
735,,9,89,,,,,,,,,,
736,8,7,46,3108,3115,72,41,4.6,-4.8,2.6,220,15,
737,8,7,0,3108,3115,,,,,2.6,220,15,
738,,,13,,,,,,,,,,
739,,10,13,,,,,,,,,,
740,,11,21,,,,,,,,,,
741,,4,42,2980,2984,93,20,6.2,-5.3,6.5,230,7,
742,,7,53,,,,,,,,,,
743,,9,19,,,,,,,,,,
744,,,19,,,,,,,,,,
745,,12,22,,,,,,,,,,
746,,7,52,2941,2945,108,23,5.8,-5,7,200,5,
747,4,3,54,3012,3017,,,,,8.5,260,4,
748,,6,63,2995,3002,101,30,6,-5,3.5,260,2,
749,,7,17,,,,,,,,,,
750,,13,86,,,,,,,,,,
751,,8,81,,,,,,,,,,
752,7.4,5,53,3468,3476,59,49,5.5,-4.7,5.7,260,2,1253
753,5,4,53,3168,3174,,,,,6.7,260,6,
754,21.3,9,62,3218,3227,92,50,6.5,-5.2,3.5,250,4,1250
755,5.4,5,50,3227,3233,86,46,5.1,-4.8,5.2,230,25,1200
756,,7,70,3166,3172,169,23,5,-5.5,3,250,4,
757,,7,53,,,,,,,,,,
758,,19,10,,,,,,,,,,
759,,,8,,,,,,,,,,
760,,16,22,,,,,,,,,,
761,,14,23,,,,,,,,,,
762,,14,18,,,,,,,,,,
763,,8,59,,,,,,,,,,
764,,9,119,3100,3539,114,97,3,-5,9,220,82,
765,,12,67,,,,,,,,,,
766,,5,61,3673,3681,57,45,8,-5.2,10,230,1,
767,,9,109,3009,3668,78,97,3,-4.3,13.5,230,82,
768,5.4,5,50,3472,3473,,,,,2.2,200,89,1000
769,,17,23,,,,,,,,,,
770,,15,23,,,,,,,,,,
771,,18,10,,,,,,,,,,
772,,8,70,,,,,,,,,,
773,,17,23,,,,,,,,,,
774,,10,77,,,,,,,,,,
775,,17,22,,,,,,,,,,
776,,13,21,,,,,,,,,,
777,,15,23,,,,,,,,,,
778,,13,23,,,,,,,,,,
779,,10,72,,,,,,,,,,
780,,19,23,,,,,,,,,,
781,,21,38,,,,,,,,,,
782,9.4,3,55,3412,3423,78,21,4.7,-5.3,4.6,280,18,1200
783,,12,58,,,,,,,,,,
784,,13,62,,,,,,,,,,
785,18.1,7,69,3261,3280,74,63,5.6,-5,3.8,250,5,1242
786,19.9,8,74,3009,3017,85,67,5.5,-5,4.2,240,6,1275
787,12,4,25,3140,3141,98,53,1.6,4.5,5.3,230,90,900
788,12,4,25,3274,3275,91,49,1.8,4.6,5.3,230,90,900
789,12,4,25,3385,3387,81,53,1.9,4.6,5.3,230,90,900
790,6.4,6,60,2905,2913,100,42,7.2,-5.2,4,250,2,1253
791,,8,33,,,,,,,,,,
792,,9,38,,,,,,,,,,
793,12,8,78,3011,3017,123,26,6.9,-4.7,9.5,180,68,
794,,6,59,,,,,,,,,,
795,,24,75,,,,,,,,,,
796,6.2,5,55,2899,2907,63,59,4.6,-4.7,7.6,250,3,1234
797,12,6,17,3076,3077,61,44,1.8,4.8,2,260,91,800
798,12,6,17,3198,3199,65,40,4.6,4.8,2,260,91,800
799,12,6,17,3308,3309,65,41,1.6,4.2,2,260,91,800
800,6.2,6,62,2884,2891,72,51,6.9,-4.8,5.6,240,3,1287
801,8.4,5,61,2882,2890,88,61,5.2,-4.6,7.2,240,10,1307
802,,12,43,,,,,,,,,,
803,,12,23,,,,,,,,,,
804,,8,82,3128,3145,113,24,7.4,-5.5,12,230,,
805,,16,47,,,,,,,,,,
806,,16,123,3021,3680,71,60,10.3,-4.8,8,215,88,
807,,9,46,,,,,,,,,,
808,5.6,5,62,3133,3142,84,39,6,-4.9,6,250,5,1281
809,,6,77,3370,3376,101,42,6.1,-5.8,8,235,5,
810,7.7,6,73,3557,3565,98,50,6.4,-5,5.9,240,9,1265
811,7.5,6,65,3320,3328,91,42,6.2,-5,5.4,240,3,1240
812,,7,50,,,,,,,,,,
813,,10,58,,,,,,,,,,
814,,15,147,3061,3695,118,135,3,-4.2,9,180,81,
815,,12,102,2931,2947,60,40,11,-5.6,8,200,7,
816,5.9,6,73,3566,3574,81,64,5.4,-4.9,5.9,250,12,1283
817,13.4,8,70,3614,3623,68,78,5.1,-4.7,2.7,275,22,1200
818,4.8,5,57,3552,3558,66,77,2.7,-4.6,5.5,250,5,1349
819,5.8,4,61,3429,3435,70,60,5.1,-4.6,6.7,260,7,1271
820,,7,57,3101,3109,97,52,3,-5.6,6,205,8,
821,11,7,70,3186,3192,101,48,5.9,-5,5.1,200,11,
822,,7,60,3186,3194,92,28,7.7,-5,6,230,11,
823,,9,63,,,,,,,,,,
824,,11,50,,,,,,,,,,
825,,14,131,3020,3549,92,73,2.9,-4.3,15.7,205,83,
826,,15,77,,,,,,,,,,
827,,12,90,3113,3745,113,27,6.8,-5.2,4,240,90,
828,4.2,3,45,3601,3608,65,48,4.7,-4.6,8.9,240,5,1303
829,8,7,80,3369,3377,111,43,8.2,-5.1,5.6,240,3,1286
830,6.8,6,62,3288,3295,96,53,5.2,-4.3,4.5,230,4,1218
831,,9,82,,,,,,,,,,
832,,6,61,3234,3245,144,22,4.4,-5,7,230,2,
833,,6,,3234,3245,,,,,7,230,2,
834,,8,40,,,,,,,,,,
835,,16,68,,,,,,,,,,
836,7.8,6,63,3274,3283,64,65,5.2,-4.8,4.5,260,6,1235
837,,6,51,,,,,,,,,,
838,,11,145,3103,3625,165,34,6.1,-5.1,6.5,205,90,
839,,12,90,3187,3195,112,31,6.9,-5.4,4,230,3,
840,7.4,5,50,3389,3397,72,45,4.6,-4.7,5.5,260,7,1100
841,4,3,45,3137,3143,,,,,8,250,4,
842,,7,49,2994,3001,81,29,5.5,-5,5,230,6,
843,,8,35,,,,,,,,,,
844,,19,86,3032,3040,70,68,7,-4.9,4,240,1,
845,4.6,4,45,3084,3089,64,46,5.3,-4.6,7.1,250,6,1250
846,3.5,4,30,3167,3996,,,,,3,310,69,1000
847,3.6,3,38,3098,3104,64,56,3.3,-4.6,6.7,250,4,1246
848,13,4,31,3351,3357,43,48,3.9,-4.3,6.5,280,8,1226
849,,7,61,,,,,,,,,,
850,,7,22,,,,,,,,,,
851,,9,90,2920,2928,150,23,6.4,-5.2,6,230,1,
852,,8,99,3254,4045,60,65,8.7,-5.2,11,235,90,
853,,9,96,3789,3797,66,50,9.9,-5.5,8,220,6,
854,,11,35,,,,,,,,,,
855,,3,11,,,,,,,,,,
856,,16,95,3044,3052,113,29,8,-5.1,8,230,10,
857,,11,64,,,,,,,,,,
858,,9,97,3158,3168,140,23,8.5,-5.5,5,240,6,
859,,15,128,3316,3818,64,89,8.6,-5.5,8,241,77,
860,,10,75,3397,3407,129,26,4.5,-5.2,6,245,6,
861,,10,83,,,,,,,,,,
862,,9,58,3516,3524,,33,13,-5.2,8,250,7,
863,,6,30,,,,,,,,,,
864,6.1,5,30,3320,3326,,,,,6,240,12,
865,24.1,9,21,3364,3375,,,,,3,280,12,1000
866,29,5,25,3138,3139,99,38,2.9,3.7,2.5,281,90,900
867,29,5,25,3246,3247,104,39,2.7,3.7,2.5,281,90,900
868,4,4,25,3484,3485,,,,,2.8,320,90,900
869,4,4,25,3593,3594,,,,,2.8,320,90,1000
870,4,4,25,3702,3704,,,,,2.8,320,90,1000
871,4,4,25,3812,3813,,,,,2.8,320,90,900
872,4,4,25,3909,3910,,,,,2.8,320,90,900
873,4,4,1,3909,3910,,,,,2.8,320,90,750
874,6.8,2,45,3484,3485,,,,,7.5,280,90,1000
875,6.8,2,45,3581,3582,,,,,7.5,280,90,1000
876,6.8,2,45,3666,3667,,,,,7.5,280,91,1000
877,6.8,2,45,3776,3777,,,,,7.5,280,91,1000
878,6.8,2,46,3873,3877,,,,,7.5,280,92,900
879,6.8,6,55,2852,2859,92,49,5.4,-4.3,9.5,190,5,1272
880,8,5,55,2918,2926,79,51,5.4,-4.3,8,180,5,1241
881,19.6,5,54,3264,3270,71,53,6.4,-4.5,9,230,9,1200
882,10,6,50,2894,2902,86,66,2.5,-5.6,4.5,245,2,
883,7,5,52,3044,3051,67,52,4.9,-3.2,7.2,160,10,1200
884,7,5,22,3032,3039,110,20,3.2,-4.5,7,210,2,
885,7,5,,3032,3039,,,,,7,210,2,
886,7,5,,3032,3039,,,,,7,240,2,
887,7,5,52,3032,3039,86,74,2.8,-5.4,7,240,2,
888,,8,54,,,,,,,,,,
889,,9,89,2873,2880,110,25,6.2,-5.1,5,200,5,
890,,4,49,,,,,,,,,,
891,,12,57,3157,3166,119,27,5.1,-5.1,7,245,6,
892,,12,26,3157,3166,48,30,4.8,-4.5,7,245,6,
893,,8,94,,,,,,,,,,
894,,5,53,,,,,,,,,,
895,,4,51,3125,3712,102,17,4.1,-4.6,7,245,83,
896,,5,90,3035,3041,130,38,5.2,-4.4,11,210,7,
897,,9,67,,,,,,,,,,
898,3.2,3,30,2895,2901,70,33,6,-4.8,4.8,270,1,1255
899,,7,79,,,,,,,,,,
900,8.2,6,60,3053,3062,94,42,6.8,-4.8,6.3,240,1,1243
901,5.9,5,58,3351,3357,46,69,5.2,-4.6,4.8,280,10,1200
902,,6,20,,,,,,,,,,
903,,9,58,,,,,,,,,,
904,,5,51,,,,,,,,,,
905,,9,7,,,,,,,,,,
906,13.4,7,50,3050,3050,118,38,3,-3.9,2.4,305,88,1000
907,13.4,7,50,3208,3209,114,42,3.1,-3.9,2.4,305,89,1000
908,6.8,4,1,3195,3205,,,,,4,263,91,226
909,6,4,71,2782,2788,90,33,6.2,-5,4.5,280,1,
910,6,4,,2782,2788,,,,,4.5,280,1,
